{
  "model": "whisper-large-v3",
  "text": " Attempt. Attempt.",
  "summary": "There is no text provided to summarize. The given input is \"Attempt. Attempt.\" which appears to be a repetition of the word \"attempt\" without any context or meaningful content. If you could provide a more substantial text, I would be happy to summarize it for you in 150 words.",
  "sentiment_analysis": {
    "sentiment_analysis": {
      "sentiment": "neutral",
      "confidence_score": 0.5
    }
  },
  "task_analysis": {
    "main_task": "Unknown",
    "requirements": [],
    "steps": [],
    "additional_components": [],
    "notes": "Insufficient information provided to extract task information."
  }
}