{
  "model": "whisper-large-v3",
  "text": " Write the commit message to signal that we also already implemented the local version of Whisper in the API's integration and able to switch between both. Kinda.",
  "summary": "The provided text is brief and doesn't contain much information to summarize. However, I can rephrase it in 150 words as follows:\n\nA commit message is required to indicate that a local version of Whisper has been implemented within the API's integration. This implementation allows for the ability to switch between the local version and another version, presumably the original or a different implementation. The addition of the local version of Whisper to the API's integration is a notable development, and the commit message will serve as a signal to others that this feature is now available. The message will likely be used to update the project's version history and provide context for the changes made. The implementation is described as being \"kind of\" complete, suggesting that there may be some limitations or caveats to the functionality.",
  "sentiment_analysis": {
    "commit_message": "feat: added local Whisper integration, allowing for switching between local and API-based Whisper implementations"
  },
  "task_analysis": {
    "main_task": "Write a commit message",
    "requirements": [
      "Signal implementation of local version of Whisper in API's integration",
      "Indicate ability to switch between local and existing versions"
    ],
    "steps": [
      "Determine the correct commit message format",
      "Clearly state the implementation of local Whisper version",
      "Mention the ability to switch between versions"
    ],
    "additional_components": [
      "Knowledge of commit message best practices",
      "Understanding of Whisper implementation and API integration"
    ]
  }
}