{
  "model": "whisper-large-v3",
  "text": " running because to have a couple of things to show here or else it's not a lot to show it's a couple of functionalities here and obviously the idea is to the audio or else that's why i look ridiculous right now to perform some transcription on demand local remote and to perform then a couple of useful operations and to get the raw text too hopefully yo yo yo I will tell you now",
  "summary": "The speaker appears to be setting up a demonstration of a system that performs audio transcription. They mention that they want to show a couple of functionalities, implying that the system has multiple features. The main idea is to transcribe audio, and the speaker seems to be preparing to demonstrate this capability. They also mention that the system can perform \"useful operations\" and provide the raw text output. The speaker's tone is informal, with phrases like \"yo yo yo\" suggesting a casual and conversational style. The demonstration seems to be focused on showcasing the system's ability to transcribe audio on demand, both locally and remotely. The speaker is preparing to show the system's capabilities and provide a live example of its functionality.",
  "sentiment_analysis": {
    "sentiment_analysis": {
      "sentiment": "neutral",
      "confidence_score": 0.6
    }
  },
  "task_analysis": {
    "task": {
      "main_task": "Performing Audio Transcription and Operations",
      "description": "Transcribing audio on demand, both locally and remotely, and performing useful operations on the transcribed text."
    },
    "requirements": {
      "hardware": [
        "Audio Input Device"
      ],
      "software": [
        "Transcription Software",
        "Text Processing Tools"
      ],
      "internet": [
        "Internet Connection (for remote transcription)"
      ]
    },
    "steps": [
      {
        "step": 1,
        "description": "Record or Input Audio"
      },
      {
        "step": 2,
        "description": "Transcribe Audio Locally or Remotely"
      },
      {
        "step": 3,
        "description": "Perform Useful Operations on Transcribed Text"
      },
      {
        "step": 4,
        "description": "Retrieve Raw Transcribed Text"
      }
    ],
    "additional_components": {
      "optional": [
        "Text Analysis Tools",
        "Speech Recognition Software"
      ],
      "nice_to_have": [
        "Noise Cancellation Tools",
        "Audio Enhancement Software"
      ]
    }
  }
}