{
  "text": " How was this movie called? The Surfer. The Surfer with Nicolas Cage. The Surfer directed by Lorcan Fingan. Is he Australian? It's Irish, making Australian movies with American actors. Interesting. The movie sounded a bit Irish. It felt a bit at some point like the film from Ireland. How is it called? Banshee? I don't remember. Let's do that. It's an Irish movie. Banshee something. What is this movie? Banshee and Shireen. I will find out soon. The task is to find out this movie.",
  "model": "large",
  "summary": "Summary not available for local transcription",
  "sentiment_analysis": "Sentiment analysis not available for local transcription",
  "task_analysis": "Task analysis not available for local transcription"
}