{
  "model": "whisper-large-v3",
  "text": " How was this movie called? The Surfer. The Surfer with Nicolas Cage. The Surfer directed by Lorcan Fingan. Is he Australian? is irish making australian movies with american actors interesting the movie sounded a bit irish at some point like the film from the Ireland how is it called Banshee I don't remember well let's Let's do that, it's an Irish movie, Banshee something. What is this movie? Banshee and Shirin, I will find out soon. The task is to find out this movie.",
  "summary": "The text appears to be a stream-of-consciousness passage where the author is trying to recall the title of a movie. They mention that the movie is called \"The Surfer\" and stars Nicolas Cage, with the director being Lorcan Fingan, who they speculate might be Irish. The author then becomes sidetracked, wondering if it's interesting for an Irish director to make Australian movies with American actors. They also mention that the movie sounds a bit Irish at some points, reminding them of another Irish film, possibly called \"Banshee\" or \"Banshee and Shirin.\" The author concludes by stating that their task is to find out the title of the movie, which they plan to do soon.",
  "sentiment_analysis": {
    "sentiment_analysis": {
      "sentiment": "neutral",
      "confidence_score": 0.6
    }
  },
  "task_analysis": {
    "task": {
      "main_task": "Find the title of the movie",
      "description": "Identify the movie starring Nicolas Cage, directed by Lorcan Fingan, and possibly related to the movie Banshee"
    },
    "requirements": {
      "information": "Movie title, director, and main actor",
      "context": "Movie details, director's nationality, and possible relation to another movie"
    },
    "steps": [
      {
        "step": 1,
        "action": "Search for movies starring Nicolas Cage"
      },
      {
        "step": 2,
        "action": "Filter search results by director Lorcan Fingan"
      },
      {
        "step": 3,
        "action": "Check if the movie is related to Banshee or has a similar title"
      }
    ],
    "additional_components": {
      "tools": "Internet search engine, movie database",
      "skills": "Research, critical thinking"
    }
  }
}