{
  "text": " How was this movie called? The surfer. The surfer with Nicolas Cage. The surfer directed by Lord Ken Fingen. We see Australia. I see Irish. Making Australian movies with American actors. Interesting. The movie sounded a bit Irish. It felt a bit at some point like the film from the Ireland. How is it called? Banshee, Jean-Mirreau, can you? Banshee. I don't remember. Let's do that. It's Irish movie, Banshee, something. What is this movie? Banshee, Jean-Mirreau. Banshee, Jean-Mirreau. I will find out soon. The task is to find out this movie.",
  "model": "tiny",
  "summary": "Summary not available for local transcription",
  "sentiment_analysis": "Sentiment analysis not available for local transcription",
  "task_analysis": "Task analysis not available for local transcription"
}