{
  "model": "whisper-large-v3",
  "text": " yeah alright so the main idea I got now is that on the post processing directory we have an analyzer. This analyzer sort of hardcodes API calls for groq. Now I don't like this approach because we want to also be able to call not only models from groq but also models from other API's in comparison with what we are already doing with the voice to text models with the shot models we also want to have a a a management directory to where we route chat requests So the way I seeing it I think it all with the philosophy of the way we are implementing this application, I think we need to do it in a separate directory of API integrations. Now I think that API integrations is not a good name anymore so this will need to be renamed to voice to text api integrations or something like that and the other one will be called shut api integrations for example um and in the same way we will need to have a shut api integrations router and then we will forward all the shot completions to that router that then we will route to the API of our choosing.",
  "summary": "The current post-processing directory has an analyzer that hardcodes API calls for Groq. However, this approach is not ideal as it limits the ability to call models from other APIs. The desired approach is to create a separate directory for API integrations, allowing for more flexibility and comparison with other models. This directory will manage chat requests and route them to the chosen API. The proposed solution involves renaming the API integrations directory to something more specific, such as \"Voice to Text API Integrations\" or \"Shot API Integrations.\" A router will be created for each type of API integration, and all requests will be forwarded to the corresponding router, which will then direct them to the chosen API. This approach aligns with the application's philosophy and allows for more flexibility and scalability.",
  "sentiment_analysis": {
    "sentiment_analysis": {
      "sentiment": "neutral",
      "confidence_score": 0.6
    }
  },
  "task_analysis": {
    "main_task": "Refactor API integration approach",
    "requirements": [
      "Decouple hardcoded API calls for Groq",
      "Enable API calls to multiple models (Groq and others)",
      "Implement a management directory for routing chat requests",
      "Create separate directories for API integrations"
    ],
    "steps": [
      "Create a new directory for API integrations",
      "Rename existing directories to reflect their purpose (e.g., 'Voice to Text API Integrations' and 'Shot API Integrations')",
      "Implement a router for each API integration directory",
      "Forward API requests to the respective routers",
      "Route requests from routers to the chosen API"
    ],
    "additional_components": [
      "API integrations directory",
      "Voice to Text API Integrations directory",
      "Shot API Integrations directory",
      "Routers for each API integration directory"
    ]
  }
}