{
  "model": "whisper-large-v3",
  "text": " Now I don't like this approach because we are moving router to the main root directory of the project and we for now are running the project through the cli main, which is also weird. So I want really a voice to text router and a shot api router, something like this. Actually, let me rephrase. It should be Speech API and ShotCompletions API So that how the director should be called Shot completions API integrations and text to speech API integrations And each one has its own router. And that way we can actually from the main application or from the UI that we'll build next call in these different routers. router for all types of shot completions and a router for all types of speech to text API integrations and then we can work better because if we only have a router in the base directory we yes we can also organize it all there into calling all types of different API's but I think it's gonna be messy in this case we can segregate each type for each directory and then each as a router and then each can be used separately or together after. I think that's a better approach.",
  "summary": "The author expresses dissatisfaction with the current approach of having a single router in the project's main directory. They propose a new structure, where the project is divided into two main directories: Speech API Integrations and Shot Completions API Integrations. Each directory would have its own router, allowing for separate management of different API integrations. This approach would enable the main application or UI to call specific routers for various tasks, such as text-to-speech or shot completions. The author believes this segregation would lead to a cleaner and more organized codebase, making it easier to work with and maintain. By having separate routers for each type of API integration, the project can be more modular and flexible, allowing for individual or combined use of the routers as needed.",
  "sentiment_analysis": {
    "sentiment_analysis": {
      "sentiment": "positive",
      "confidence_score": 0.8
    }
  },
  "task_analysis": {
    "main_task": "Refactor project directory structure and API routing",
    "requirements": [
      "Create separate routers for Speech API and ShotCompletions API",
      "Organize API integrations into separate directories",
      "Allow for separate or combined usage of routers"
    ],
    "steps": [
      {
        "step": "Create a new directory for Speech API integrations",
        "description": "Create a new directory to hold Speech API integrations and router"
      },
      {
        "step": "Create a new directory for ShotCompletions API integrations",
        "description": "Create a new directory to hold ShotCompletions API integrations and router"
      },
      {
        "step": "Create separate routers for each API",
        "description": "Create a router for Speech API and a router for ShotCompletions API"
      },
      {
        "step": "Update main application to call new routers",
        "description": "Update the main application to call the new routers for Speech API and ShotCompletions API"
      }
    ],
    "additional_components": [
      {
        "component": "Speech API router",
        "description": "A router to handle Speech API integrations"
      },
      {
        "component": "ShotCompletions API router",
        "description": "A router to handle ShotCompletions API integrations"
      },
      {
        "component": "Updated main application",
        "description": "The main application updated to call the new routers"
      }
    ]
  }
}